[
  {
    "id": "6c400f9c-23aa-4787-8293-1f9c5473841b",
    "data": [
      {
        "text": "Crush",
        "meta": "@sys.any",
        "alias": "any",
        "userDefined": true
      }
    ],
    "isTemplate": false,
    "count": 0,
    "lang": "en",
    "updated": 0
  },
  {
    "id": "b28adc29-6b7e-458b-b4be-25692e037255",
    "data": [
      {
        "text": "Sprite",
        "meta": "@sys.any",
        "alias": "any",
        "userDefined": true
      }
    ],
    "isTemplate": false,
    "count": 0,
    "lang": "en",
    "updated": 0
  },
  {
    "id": "971a3056-8076-41d9-a1dd-dbfbebd7f8ae",
    "data": [
      {
        "text": "Coke",
        "meta": "@sys.any",
        "alias": "any",
        "userDefined": true
      }
    ],
    "isTemplate": false,
    "count": 0,
    "lang": "en",
    "updated": 0
  },
  {
    "id": "5192fcb2-439a-4226-a66c-3df20f4868c8",
    "data": [
      {
        "text": "Noodles",
        "meta": "@sys.any",
        "alias": "any",
        "userDefined": true
      }
    ],
    "isTemplate": false,
    "count": 0,
    "lang": "en",
    "updated": 0
  },
  {
    "id": "6bd39378-8d22-44bb-b56f-814c054aee69",
    "data": [
      {
        "text": "Cookies",
        "meta": "@sys.any",
        "alias": "any",
        "userDefined": true
      }
    ],
    "isTemplate": false,
    "count": 0,
    "lang": "en",
    "updated": 0
  },
  {
    "id": "2a8b51b9-91ba-46ae-966e-e63d6102ad33",
    "data": [
      {
        "text": "Soup",
        "meta": "@sys.any",
        "alias": "any",
        "userDefined": true
      }
    ],
    "isTemplate": false,
    "count": 0,
    "lang": "en",
    "updated": 0
  },
  {
    "id": "4e4eb751-79c9-4d49-af7f-dcd18d41e7f3",
    "data": [
      {
        "text": "Pizza",
        "meta": "@sys.any",
        "alias": "any",
        "userDefined": true
      }
    ],
    "isTemplate": false,
    "count": 0,
    "lang": "en",
    "updated": 0
  },
  {
    "id": "a9a1f363-0440-491a-a89e-7fe3af1c0f08",
    "data": [
      {
        "text": "Pastry",
        "meta": "@sys.any",
        "alias": "any",
        "userDefined": true
      }
    ],
    "isTemplate": false,
    "count": 0,
    "lang": "en",
    "updated": 0
  },
  {
    "id": "7f2d038e-5966-466a-8c88-44ca2acf16b3",
    "data": [
      {
        "text": "Cake",
        "meta": "@sys.any",
        "alias": "any",
        "userDefined": true
      }
    ],
    "isTemplate": false,
    "count": 0,
    "lang": "en",
    "updated": 0
  }
]