[
  {
    "id": "454f6cc8-0596-4417-b747-57a4fe735cdf",
    "data": [
      {
        "text": "I want beverages",
        "userDefined": false
      }
    ],
    "isTemplate": false,
    "count": 0,
    "lang": "en",
    "updated": 0
  },
  {
    "id": "b8fe426a-a4ef-4e64-abb9-cd110611a20c",
    "data": [
      {
        "text": "Beverages",
        "userDefined": false
      }
    ],
    "isTemplate": false,
    "count": 0,
    "lang": "en",
    "updated": 0
  },
  {
    "id": "d0ebd1e9-0d03-46af-a486-9ecc68743564",
    "data": [
      {
        "text": "3",
        "meta": "@sys.ignore",
        "userDefined": false
      },
      {
        "text": ")",
        "userDefined": false
      }
    ],
    "isTemplate": false,
    "count": 0,
    "lang": "en",
    "updated": 0
  },
  {
    "id": "36b86743-3987-446f-ad17-9a5e2f145820",
    "data": [
      {
        "text": "3",
        "meta": "@sys.ignore",
        "userDefined": false
      }
    ],
    "isTemplate": false,
    "count": 0,
    "lang": "en",
    "updated": 0
  }
]