[
  {
    "id": "bd2a31a0-76f3-414a-b45e-feb1429bc210",
    "data": [
      {
        "text": "I want dessert",
        "userDefined": false
      }
    ],
    "isTemplate": false,
    "count": 0,
    "lang": "en",
    "updated": 0
  },
  {
    "id": "f855c71f-5693-48c2-945c-8f62ecb7a13b",
    "data": [
      {
        "text": "Dessert",
        "userDefined": false
      }
    ],
    "isTemplate": false,
    "count": 0,
    "lang": "en",
    "updated": 0
  },
  {
    "id": "7edd0023-67c8-4221-9cd8-4cb7cd3aee72",
    "data": [
      {
        "text": "2",
        "meta": "@sys.ignore",
        "userDefined": false
      },
      {
        "text": ")",
        "userDefined": false
      }
    ],
    "isTemplate": false,
    "count": 0,
    "lang": "en",
    "updated": 0
  },
  {
    "id": "9933906d-16e1-4cb6-806a-683ecaa521eb",
    "data": [
      {
        "text": "2",
        "meta": "@sys.ignore",
        "userDefined": false
      }
    ],
    "isTemplate": false,
    "count": 0,
    "lang": "en",
    "updated": 0
  }
]