[
  {
    "id": "ccf900f9-185d-4095-b99d-66c63254182b",
    "data": [
      {
        "text": "Starter",
        "userDefined": false
      }
    ],
    "isTemplate": false,
    "count": 0,
    "lang": "en",
    "updated": 0
  },
  {
    "id": "0c3a9095-d2e0-4ae9-81c1-d19ba1f8af91",
    "data": [
      {
        "text": "Starters",
        "userDefined": false
      }
    ],
    "isTemplate": false,
    "count": 0,
    "lang": "en",
    "updated": 0
  },
  {
    "id": "0f8fa56d-8a37-47c1-b8c6-c81e18499962",
    "data": [
      {
        "text": "1",
        "meta": "@sys.ignore",
        "userDefined": false
      },
      {
        "text": ")",
        "userDefined": false
      }
    ],
    "isTemplate": false,
    "count": 0,
    "lang": "en",
    "updated": 0
  },
  {
    "id": "931e74d9-b097-4cb2-a346-bfc763a4ca8e",
    "data": [
      {
        "text": "1",
        "meta": "@sys.ignore",
        "userDefined": false
      }
    ],
    "isTemplate": false,
    "count": 0,
    "lang": "en",
    "updated": 0
  }
]